external_id,occurrence_key,title,kind,categories,short_summary,duration_min_minutes,duration_max_minutes,venue_external_id,venue_name,lat,lng,address,timezone,starts_at_local,ends_at_local,end_time_quality,cancellation_status,booking_state,booking_verified_at,booking_expires_at,requires_booking,source_url,data_permission_status,last_source_update
csv-gallery,2026-10-10,[DEMO] CSV Mini Gallery,drop_in,arts,Walk-in gallery (synthetic CSV sample).,25,60,v-gallery,Demo Gallery Loft (Crosstown),49.2803,-123.1060,,America/Vancouver,2026-10-10T10:00,2026-10-10T20:00,known,scheduled,unknown,,,false,,synthetic,2026-10-09T18:00:00Z
csv-talk,2026-10-12T12:15,[DEMO] CSV Lunch Talk,scheduled_event,learning|arts,45-minute talk.,45,45,v-library,Demo Library Square Room,49.2797,-123.1157,,America/Vancouver,2026-10-12T12:15,2026-10-12T13:00,known,scheduled,sales_open_not_inventory,,,true,https://example.org/citygap-demo/talk,synthetic,2026-10-09T18:00:00Z
csv-busker,2026-10-10T17:30,[DEMO] CSV Busker Set,scheduled_event,music,End time not published.,20,,v-plaza,Demo Plaza North,49.2780,-123.1125,,America/Vancouver,2026-10-10T17:30,,unknown,scheduled,unknown,,,false,,synthetic,
csv-choir,2026-10-10T18:00,[DEMO] CSV Choir,scheduled_event,music,Cancelled session.,30,30,v-gastown,Demo Gastown Corner,49.2840,-123.1085,,America/Vancouver,2026-10-10T18:00,2026-10-10T18:30,known,cancelled,unavailable,,,false,,synthetic,
csv-popup,2026-10-10T16:00,[DEMO] CSV Pop-up (location TBA),scheduled_event,shopping,No coordinates yet.,30,60,v-tba,Demo Pop-up,,,,America/Vancouver,2026-10-10T16:00,2026-10-10T20:00,known,scheduled,unknown,,,false,,synthetic,
csv-dst,2026-11-01T01:30,[DEMO] CSV Night Owl Set,scheduled_event,nightlife,Old fall-back night; no longer ambiguous in BC.,30,,v-granville,Demo Granville Strip Studio,49.2800,-123.1220,,America/Vancouver,2026-11-01T01:30,,unknown,scheduled,unknown,,,,,synthetic,
csv-thirdparty,2026-10-11T19:00,Third-party listing with unknown license,scheduled_event,music,Imported without confirmed display rights.,60,,v-yaletown,Demo Yaletown Hall,49.2745,-123.1210,,America/Vancouver,2026-10-11T19:00,2026-10-11T21:00,known,scheduled,sales_open_not_inventory,,,true,https://example.org/listing/1,unverified,
bad-notime,x,[DEMO] Missing start,scheduled_event,music,No start time.,30,,v-plaza,Demo Plaza North,49.2780,-123.1125,,America/Vancouver,,,unknown,scheduled,unknown,,,false,,synthetic,
bad-tz,x,[DEMO] Bad timezone,drop_in,arts,Unknown zone.,30,,v-plaza,Demo Plaza North,49.2780,-123.1125,,America/Vancuver,2026-10-10T10:00,2026-10-10T20:00,known,scheduled,unknown,,,false,,synthetic,
bad-uri,x,[DEMO] Bad URL,drop_in,arts,Script URL.,30,,v-plaza,Demo Plaza North,49.2780,-123.1125,,America/Vancouver,2026-10-10T10:00,2026-10-10T20:00,known,scheduled,unknown,,,false,javascript:alert(1),synthetic,
bad-coords,x,[DEMO] Swapped coordinates,drop_in,arts,Lat/lng swapped.,30,,v-swapped,Demo Swapped,-123.1125,49.2780,,America/Vancouver,2026-10-10T10:00,2026-10-10T20:00,known,scheduled,unknown,,,false,,synthetic,
bad-expired,x,[DEMO] Already over,scheduled_event,arts,Ended before import.,30,,v-plaza,Demo Plaza North,49.2780,-123.1125,,America/Vancouver,2026-10-09T10:00,2026-10-09T11:00,known,scheduled,unknown,,,false,,synthetic,
bad-verified,x,[DEMO] Claims verified without timestamp,bookable_slot,sports,verified_available without evidence.,30,,v-plaza,Demo Plaza North,49.2780,-123.1125,,America/Vancouver,2026-10-10T18:00,2026-10-10T18:30,known,scheduled,verified_available,,,true,,synthetic,
csv-gallery,2026-10-10,[DEMO] CSV Mini Gallery,drop_in,arts,Same row twice in one file.,25,60,v-gallery,Demo Gallery Loft (Crosstown),49.2803,-123.1060,,America/Vancouver,2026-10-10T10:00,2026-10-10T20:00,known,scheduled,unknown,,,false,,synthetic,2026-10-09T18:00:00Z
